<meta>
    
     <info type="map" name="Dystopia Map" author=" " version="0.75" description="A post-apocalyptic map for the Dystopia gamemod." edf:definition="edf/dystopia.edf"></info>
    
    <file src="edf/cdf.png" />
    <file src="edf/establishment.png" />
    <file src="edf/raiders.png" />
    <file src="edf/neutral.png" />
    <file src="edf/scavengers.png" />
    <file src="edf/bandits.png" />
    <file src="edf/zombiespawn.png" />
    <file src="edf/spawn.png" />
    <file src="edf/fuel.png" />
    <file src="edf/water.png" />
    <file src="edf/radiation.png" />
    <file src="edf/item.png" />
    <file src="edf/encounter.png" />
    <map src="dystopia_map.map" dimension="0"></map>
    <script src="propveh.lua" type="server"></script>

    <settings>
        <setting name="#maxplayers" value="[ 128 ]"></setting>
        <setting name="#useLODs" value="[ false ]"></setting>
        <setting name="#gamespeed" value="[ 1 ]"></setting>
        <setting name="#minplayers" value="[ 0 ]"></setting>
        <setting name="#gravity" value="[ 0.0080000004 ]"></setting>
        <setting name="#waveheight" value="[ 0 ]"></setting>
        <setting name="#locked_time" value="[ false ]"></setting>
        <setting name="#weather" value="[ 0 ]"></setting>
        <setting name="#time" value="12:0"></setting>
    </settings>
    <script src="mapEditorScriptingExtension_s.lua" type="server"></script>
    <script src="mapEditorScriptingExtension_c.lua" type="client" validate="false"></script>
	
</meta>
