<meta>
	<info description="Interiors in main dimension" version="1.0" author="Flower Power" />
	<script src="main.lua" type="client" />
	<script src="FlowerJaySA.lua" 			type="client" />
	<script src="FlowerJaySA2.lua" 			type="client" />
	
	<file src="files/quarry_bit04.dff" />
	<file src="files/cols/quarry_bit04.col" />	
	<file src="files/policest02_lan.dff" />
	<file src="files/cols/policest02_lan.col" />
	<file src="files/cols/amubloksun1_lan.col" />
    <file src="files/amubloksun1_lan.dff" />
    <file src="files/cols/munation_main.col" />
    <file src="files/munation_main.dff" />
    <file src="files/cols/gap.col" />
    <file src="files/gap.dff" />
    <file src="files/cols/stolenbuilds11.col" />
    <file src="files/stolenbuilds11.dff" />
    <file src="files/halgroundlan2.dff" />
    <file src="files/cols/gen_otb.col" />
    <file src="files/gen_otb.dff" />
    <file src="files/cols/ladtbuild2_lan2.col" />
    <file src="files/ladtbuild2_lan2.dff" />
    <file src="col/int_ppol.col" />
	<file src="col/laeroad23.col" />
	<file src="col/laeroad26.col" />
	<file src="col/laeroad29.col" />
	<file src="col/laeroad33.col" />
    <file src="files/cols/int_pizzaplace.col" />
    <file src="files/int_pizzaplace.dff" />
    <file src="files/cols/lae711block01.col" />
    <file src="files/lae711block01.dff" />
    <file src="files/cols/idlewofuk06_lae.col" />
    <file src="files/idlewofuk06_lae.dff" />
    <file src="files/cols/int_barbera12.col" />
    <file src="files/int_barbera12.dff" />
	<file src="col/laeroadsblk.col" />
	<file src="files/cols/int_tatooa10.col" />
	<file src="files/int_tatooa10.dff" />
	<file src="files/sw_gas01.dff" />
	<file src="files/cols/sw_gas01.col" />
	<file src="files/lawnshop1.dff" />
	<file src="files/cols/lawnshop1.col" />
	<file src="files/int_chick_main.dff" />
	<file src="files/cols/int_chick_main.col" />
	<file src="files/cj_barber2.dff" />
	<file src="files/cols/cj_barber2.col" />
	<file src="files/offvensp02_law.dff" />
	<file src="files/cols/offvensp02_law.col" />
	<file src="files/donut01_lawn.dff" />
	<file src="files/cols/donut01_lawn.col" />
	<file src="files/int_din_donut_main.dff" />
	<file src="files/cols/int_din_donut_main.col" />
	<file src="files/int_bars.dff" />
	<file src="files/cols/int_bars.col" />
	<file src="files/laeexaminerbuild1.dff" />
	<file src="files/cols/laeexaminerbuild1.col" />
	<file src="files/clothes_shit.dff" />
	<file src="files/cols/clothes_shit.col" />
	<file src="files/barberblock1_lae.dff" />
	<file src="files/cols/barberblock1_lae.col" />
	<file src="files/cluckinbell1_las2.dff" />
	<file src="files/cols/cluckinbell1_las2.col" />
	<file src="files/mp_ammu01.dff" />
	<file src="files/cols/mp_ammu01.col" />
	<file src="files/roadsbx_las2.dff" />
	<file src="files/cols/roadsbx_las2.col" />
	<file src="files/cluckinbell1_lae.dff" />
	<file src="files/cols/cluckinbell1_lae.col" />
	<file src="files/pigpenblok1_lae2.dff" />
	<file src="files/cols/pigpenblok1_lae2.col" />
	<file src="files/int_strip_club.dff" />
	<file src="files/cols/int_strip_club.col" />
	<file src="col/lm_stripbar.col" />
	<file src="files/cols/int_7_11a40.col" />
	<file src="files/int_7_11a40.dff" />
	<file src="files/foodmart1_lan.dff" />
	<file src="files/cols/foodmart1_lan.col" />
	<file src="files/cols/clothesexl.col" />
	<file src="files/clothesexl.dff" />
	<file src="files/rodeo02_law2.dff" />
	<file src="files/cols/rodeo02_law2.col" />
	<file src="files/int_clothinga01.dff" />
	<file src="files/cols/int_clothinga01.col" />
	<file src="files/rodeo02tr_law2.dff" />
	<file src="files/cols/rodeo05_law2.col" />
	<file src="files/rodeo05_law2.dff" />
	<file src="files/cols/clothes_sports.col" />
	<file src="col/dkcargohull2bd.col" />
	<file src="files/clothes_sports.dff" />
	<file src="files/sunbils04_law2.dff" />
	<file src="files/int_clothe_ship.dff" />
	<file src="files/cols/int_clothe_ship.col" />
	<file src="files/laejeffers02.dff" />
	<file src="files/cols/laejeffers02.col" />
	<file src="files/laejeffers01.dff" />
	<file src="files/cols/laejeffers01.col" />
	<file src="files/laealpha5.dff" />
	<file src="files/cols/laealpha5.col" />
	<file src="files/sw_block01a.dff" />
	<file src="files/cols/sw_block01a.col" />
	<file src="files/ab_sfammumain.dff" />
	<file src="files/cols/ab_sfammumain.col" />
	<file src="files/sw_diner1.dff" />
	<file src="files/cols/sw_diner1.col" />
	<file src="files/trukstp01.dff" />
	<file src="files/cols/trukstp01.col" />
	<file src="files/vgnorthwrehse14.dff" />
	<file src="files/cols/vgnorthwrehse14.col" />
	<file src="files/sw_block03.dff" />
	<file src="files/cols/sw_block03.col" />
	<file src="files/foodmartlawn.dff" />
	<file src="files/cols/foodmartlawn.col" />
	<file src="files/int_7_11a41.dff" />
	<file src="files/cols/int_7_11a41.col" />
	<file src="files/unionliq_las.dff" />
	<file src="files/cols/unionliq_las.col" />
	<file src="files/int_7_11a42.dff" />
	<file src="files/cols/int_7_11a42.col" />
	<file src="files/snpedland1_las.dff" />
	<file src="files/cols/snpedland1_las.col" />
	<file src="files/ce_pizza1.dff" />
	<file src="files/cols/ce_pizza1.col" />
	<file src="files/sw_block06.dff" />
	<file src="files/cols/sw_block06.col" />
	<file src="files/snpedtatshp.dff" />
	<file src="files/cols/snpedtatshp.col" />
	<file src="files/sunset21_lawn.dff" />
	<file src="files/cols/sunset21_lawn.col" />
	<file src="files/gun-shop-vegas.dff" />
	<file src="files/cols/gun-shop-vegas.col" />
	<file src="files/sw_block05.dff" />
	<file src="files/cols/sw_block05.col" />
	<file src="files/sw_block11.dff" />
	<file src="files/cols/sw_block11.col" />
	<file src="files/cw_tsblock.dff" />
	<file src="files/cols/cw_tsblock.col" />
	<file src="files/vgseamuntn.dff" />
	<file src="files/cols/vgseamuntn.col" />
	<file src="files/cunts_ammun.dff" />
	<file src="files/cols/cunts_ammun.col" />
	<file src="files/cuntw_dinerwst.dff" />
	<file src="files/cols/cuntw_dinerwst.col" />
	<file src="col/road_lawn31.col" />
	<file src="col/clifftestgrnd.col" />
	<file src="files/cols/halgroundlan2.col" />
	<file src="files/cols/rodeo02tr_law2.col" />
	<file src="files/cols/sunbils04_law2.col" />
	<file src="files/laehospital1.dff" />
	<file src="files/cols/laehospital1.col" />
	<file src="files/laehospground1.dff" />
	<file src="files/cols/laehospground1.col" />
	<file src="files/casinoshops1.dff" />
	<file src="files/cols/casinoshops1.col" />
	<file src="files/smllbarinterior.dff" />
	<file src="files/cols/smllbarinterior.col" />
	<file src="files/vgnamunation1.dff" />
	<file src="files/cols/vgnamunation1.col" />
	<file src="files/vgnwalburger1.dff" />
	<file src="files/cols/vgnwalburger1.col" />
	<file src="files/int_6burger_main.dff" />
	<file src="files/cols/int_6burger_main.col" />
	<file src="files/vgndwntwnshop1.dff" />
	<file src="files/cols/vgndwntwnshop1.col" />
	<file src="files/canal_arch.dff" />
	<file src="files/cols/canal_arch.col" />
	<file src="col/laeroad17.col" />
	<file src="col/laeroad16.col" />
	<file src="files/olympic01_lvs.dff" />
	<file src="files/cols/olympic01_lvs.col" />
	<file src="files/olympcrail01_lvs.dff" />
	<file src="files/cols/olympcrail01_lvs.col" />
	<file src="files/strip2_building.dff" />
	<file src="files/cols/strip2_building.col" />
	<file src="files/chnatwnmll01_lvs.dff" />
	<file src="files/cols/chnatwnmll01_lvs.col" />
	<file src="files/chnatwnmll15_lvs.dff" />
	<file src="files/cols/chnatwnmll15_lvs.col" />
	<file src="files/stripshopn1.dff" />
	<file src="files/cols/stripshopn1.col" />
	<file src="files/stripshopstat.dff" />
	<file src="files/cols/stripshopstat.col" />
	<file src="files/vgsnwrehse17.dff" />
	<file src="files/cols/vgsnwrehse17.col" />
	<file src="files/desn2_ammun04.dff" />
	<file src="files/cols/desn2_ammun04.col" />
	<file src="files/cn2_polis.dff" />
	<file src="files/cols/cn2_polis.col" />
	<file src="files/barbara-cop.dff" />
	<file src="files/cols/barbara-cop.col" />
	<file src="files/lawnboigashot25.dff" />
	<file src="files/cols/lawnboigashot25.col" />
	<file src="files/desn2_ammun.dff" />
	<file src="files/cols/desn2_ammun.col" />
	<file src="files/vgnwalgren1.dff" />
	<file src="files/cols/vgnwalgren1.col" />
	<file src="files/strfshcpark69.dff" />
	<file src="files/cols/strfshcpark69.col" />
	<file src="files/vgnlowbuild057.dff" />
	<file src="files/cols/vgnlowbuild057.col" />
	<file src="txd/vgnretail2.txd" />
	<file src="files/ammu_twofloor.dff" />
	<file src="files/cols/ammu_twofloor.col" />
	<file src="files/vgnmall258.dff" />
	<file src="files/cols/vgnmall258.col" />
	<file src="col/gnhotel01_lvs.col" />
	<file src="col/carparkhut02_lvs.col" />
	<file src="col/int_boxing07.col" />
	<file src="files/scumgym1_lae.dff" />
	<file src="files/cols/scumgym1_lae.col" />
	<file src="col/munation_xtras04.col" />
	<file src="col/munation_xtras03.col" />
	<file src="col/vendin3.col" />
	<file src="files/vegassedge10.dff" />
	<file src="files/cols/vegassedge10.col" />
	<file src="files/vgnshopnmall02.dff" />
	<file src="files/cols/vgnshopnmall02.col" />
	<file src="files/vgnorthcoast03.dff" />
	<file src="files/cols/vgnorthcoast03.col" />
	<file src="files/vgnmallsigns04.dff" />
	<file src="files/cols/vgnmallsigns04.col" />
	<file src="files/vgnmallsigns05.dff" />
	<file src="files/cols/vgnmallsigns05.col" />
	<file src="files/vgnmallsigns06.dff" />
	<file src="files/cols/vgnmallsigns06.col" />
	<file src="files/vgnpolicebuild2.dff" />
	<file src="files/cols/vgnpolicebuild2.col" />
	<file src="files/vgnpolicebuild1.dff" />
	<file src="files/cols/vgnpolicebuild1.col" />
	<file src="files/vgnpolicecpark3.dff" />
	<file src="files/cols/vgnpolicecpark3.col" />
	<file src="files/vgnbuild1new.dff" />
	<file src="files/cols/vgnbuild1new.col" />
	<file src="files/int_sex01.dff" />
	<file src="files/cols/int_sex01.col" />
	<file src="files/vgnlowmall2.dff" />
	<file src="files/cols/vgnlowmall2.col" />
</meta>
